{
  "baseline": {
    "per_channel_db": [
      3.977329429060256,
      4.863418319574711,
      3.485512067385627,
      3.744975119703477
    ],
    "average_db": 4.017808733931018
  },
  "yours": {
    "per_channel_db": [
      11.577271939875967,
      9.965220306853476,
      10.611918131688533,
      9.372646639638893
    ],
    "average_db": 10.381764254514218
  }
}